{
  "seed": 0,
  "epochs": 30,
  "lr": 0.01,
  "loss": [
    0.7132175351773299,
    0.10350367064239649,
    0.038458061157145236,
    0.02104574988472901,
    0.01117374968150397,
    0.007738677694470065,
    0.005552504408246432,
    0.004237004160458329,
    0.0034514506050373683,
    0.002802154344819705,
    0.0024057143578769227,
    0.0020690297666695087,
    0.0018866804951554667,
    0.0015896846108696308,
    0.0014068339596117164,
    0.0012318528632370082,
    0.001130731715487107,
    0.0010135963334807106,
    0.0009263846905198293,
    0.0008532074234847756,
    0.0007676865887150821,
    0.0007137117506976545,
    0.0006483605869523366,
    0.0006142755778678735,
    0.0005671793530277624,
    0.000522869662053202,
    0.0004959644705541032,
    0.00046759556308282983,
    0.000445929850811009,
    0.0004133368642900765
  ],
  "train_acc": [
    0.972183588317107,
    0.9888734353268428,
    0.9972183588317107,
    0.9993045897079277,
    1.0,
    1.0,
    1.0,
    1.0,
    1.0,
    1.0,
    1.0,
    1.0,
    1.0,
    1.0,
    1.0,
    1.0,
    1.0,
    1.0,
    1.0,
    1.0,
    1.0,
    1.0,
    1.0,
    1.0,
    1.0,
    1.0,
    1.0,
    1.0,
    1.0,
    1.0
  ],
  "test_acc": [
    0.9637883008356546,
    0.9665738161559888,
    0.9777158774373259,
    0.9805013927576601,
    0.9777158774373259,
    0.9777158774373259,
    0.9777158774373259,
    0.9777158774373259,
    0.9777158774373259,
    0.9777158774373259,
    0.9777158774373259,
    0.9777158774373259,
    0.9777158774373259,
    0.9777158774373259,
    0.9777158774373259,
    0.9777158774373259,
    0.9777158774373259,
    0.9777158774373259,
    0.9777158774373259,
    0.9777158774373259,
    0.9805013927576601,
    0.9777158774373259,
    0.9805013927576601,
    0.9805013927576601,
    0.9805013927576601,
    0.9805013927576601,
    0.9805013927576601,
    0.9805013927576601,
    0.9805013927576601,
    0.9805013927576601
  ]
}