{
  "seed": 0,
  "target_sparsity": 0.9,
  "achieved_sparsity": 0.9000211148648649,
  "dense_test_acc": 0.9805013927576601,
  "pruned_test_acc": 0.9888579387186629,
  "accuracy_cost": -0.00835654596100277,
  "loss": [
    0.7132175351773299,
    0.10155570141599879,
    0.04026387345434169,
    0.024617003687652704,
    0.015455855044121392,
    0.013241479945837098,
    0.011578012409541417,
    0.010937274766132661,
    0.01129915917353096,
    0.010551016575942622,
    0.012661979800170644,
    0.012165971777864123,
    0.016834859138927287,
    0.014086848433143393,
    0.014376953828552532,
    0.018148561814294063,
    0.019521457627158435,
    0.01794996549625135,
    0.016624088828784606,
    0.018754562433262255,
    0.015423391758813165,
    0.016691567690841565,
    0.012550921912840463,
    0.012163373583027794,
    0.009461810246744218,
    0.008654210139336753,
    0.007318686947167406,
    0.005815876593763385,
    0.004750209889494597,
    0.00401973082820727,
    0.0033315110406992973,
    0.0029548483848779077,
    0.0026411290031656863,
    0.0024195303251912984,
    0.0022202206612855187,
    0.00208121708649233,
    0.0018560624610249432,
    0.0017305790309923921,
    0.0015913272888581538,
    0.0015078793608557539
  ],
  "test_acc": [
    0.9610027855153204,
    0.9665738161559888,
    0.9805013927576601,
    0.9805013927576601,
    0.9693593314763231,
    0.9637883008356546,
    0.9693593314763231,
    0.9749303621169917,
    0.9860724233983287,
    0.9832869080779945,
    0.9805013927576601,
    0.9777158774373259,
    0.9832869080779945,
    0.9805013927576601,
    0.9721448467966574,
    0.9777158774373259,
    0.9777158774373259,
    0.9777158774373259,
    0.9832869080779945,
    0.9805013927576601,
    0.9777158774373259,
    0.9805013927576601,
    0.9832869080779945,
    0.9888579387186629,
    0.9832869080779945,
    0.9860724233983287,
    0.9888579387186629,
    0.9860724233983287,
    0.9888579387186629,
    0.9888579387186629,
    0.9888579387186629,
    0.9888579387186629,
    0.9888579387186629,
    0.9888579387186629,
    0.9888579387186629,
    0.9888579387186629,
    0.9888579387186629,
    0.9888579387186629,
    0.9888579387186629,
    0.9888579387186629
  ],
  "sparsity": [
    0.09301097972972973,
    0.17937077702702703,
    0.25939611486486486,
    0.33319256756756754,
    0.40118243243243246,
    0.46347128378378377,
    0.5202702702702703,
    0.5720016891891891,
    0.6187711148648649,
    0.6608952702702703,
    0.6985853040540541,
    0.7320523648648649,
    0.7616131756756757,
    0.7874788851351351,
    0.8099662162162162,
    0.8291807432432432,
    0.8454391891891891,
    0.8589527027027027,
    0.870143581081081,
    0.8790118243243243,
    0.8859797297297297,
    0.8911528716216216,
    0.894847972972973,
    0.8973817567567568,
    0.8988597972972973,
    0.8997043918918919,
    0.8999155405405406,
    0.9000211148648649,
    0.9000211148648649,
    0.9000211148648649,
    0.9000211148648649,
    0.9000211148648649,
    0.9000211148648649,
    0.9000211148648649,
    0.9000211148648649,
    0.9000211148648649,
    0.9000211148648649,
    0.9000211148648649,
    0.9000211148648649,
    0.9000211148648649
  ]
}